<?xml version="1.0" encoding="UTF-8"?><project-deployment xmlns="http://www.ibm.com/rules/ruleproject/deployment" xmlns:xsi="http://www.w3.org/2001/XMLSchema-instance">
    <config serverURL="https://brsv2-90eae3ac.ng.bluemix.net/res">
        <xom>
            <uri value="resuri://TrafficXOM.zip/4.0"/>
        </xom>
    </config>
<config serverURL="https://brsv2-d7854594.au-syd.bluemix.net/res">
        <xom>
            <uri value="resuri://TrafficXOM.zip/1.0"/>
        </xom>
    </config>
<config serverURL="https://brsv2-c6765e18.eu-gb.bluemix.net/res">
        <xom>
            <uri value="resuri://TrafficXOM.zip/1.0"/>
        </xom>
    </config>
<config serverURL="https://brsv2-025bb864.stage1.eu-gb.bluemix.net/res">
        <xom>
            <uri value="resuri://TrafficXOM.zip/1.0"/>
        </xom>
    </config>
<config serverURL="https://brsv2-30ac956e.eu-gb.bluemix.net/res">
        <xom>
            <uri value="resuri://TrafficXOM.zip/1.0"/>
        </xom>
    </config>
<config serverURL="https://brsv2-5670b93d.eu-gb.bluemix.net/res">
        <xom>
            <uri value="resuri://TrafficXOM.zip/1.0"/>
        </xom>
    </config>
<config serverURL="https://brsv2-a70c121e.au-syd.bluemix.net/res">
        <xom>
            <uri value="resuri://TrafficXOM.zip/1.0"/>
        </xom>
    </config>
<config serverURL="https://brsv2-b014d29b.ng.bluemix.net/res">
        <xom>
            <uri value="resuri://TrafficXOM.zip/1.0"/>
        </xom>
    </config>
</project-deployment>