<?xml version="1.0" encoding="UTF-8"?>
<ruleapp-archive xsi:noNamespaceSchemaLocation="http://schemas.ilog.com/JRules/1.2/RuleAppArchive" xmlns:xsi="http://www.w3.org/2001/XMLSchema-instance">
  <ruleapp>
    <ruleapp-display-name>TrafficRuleApp</ruleapp-display-name>
    <ruleapp-name>TrafficRuleApp</ruleapp-name>
    <ruleapp-version>1.0</ruleapp-version>
    <creation-date>1457508996328</creation-date>
    <ruleset>
      <ruleset-display-name>TrafficRules</ruleset-display-name>
      <ruleset-name>TrafficRules</ruleset-name>
      <ruleset-version>1.0</ruleset-version>
      <creation-date>1457508996527</creation-date>
      <ruleset-property>
        <ruleset-property-name>ruleset.bom.enabled</ruleset-property-name>
        <ruleset-property-value>true</ruleset-property-value>
      </ruleset-property>
    </ruleset>
  </ruleapp>
</ruleapp-archive>
